Model,Accuracy,Precision,Recall,F1 Score,AUC
Logistic Regression,0.934895,0.5777925068024837,0.9474858417710658,0.7178364790777298,0.979497058121534
Decision Tree,0.993525,0.9373648940769563,0.9922201247068245,0.9640127831040711,0.9991521180693738
SGD Classifier,0.927105,0.5470005182689816,0.9660202505577484,0.6984882013525531,0.9788846844189509
Random Forest,0.999825,0.9981724728726442,0.999828385103827,0.9989997427910035,0.9999993386854138
